{
  "vertices": [
    [-3.774895063202166e-08, 0.5, -1.0],
    [-3.774895063202166e-08, 0.5, 0.0],
    [0.21694183349609375, 0.45048442482948303, -1.0],
    [0.21694183349609375, 0.45048442482948303, 0.0],
    [0.39091572165489197, 0.31174489855766296, -1.0],
    [0.39091572165489197, 0.31174489855766296, 0.0],
    [0.48746392130851746, 0.11126042902469635, -1.0],
    [0.48746392130851746, 0.11126042902469635, 0.0],
    [0.48746392130851746, -0.11126047372817993, -1.0],
    [0.48746392130851746, -0.11126047372817993, 0.0],
    [0.39091572165489197, -0.31174489855766296, -1.0],
    [0.39091572165489197, -0.31174489855766296, 0.0],
    [0.21694186329841614, -0.45048442482948303, -1.0],
    [0.21694186329841614, -0.45048442482948303, 0.0],
    [3.774895063202166e-08, -0.5, -1.0],
    [3.774895063202166e-08, -0.5, 0.0],
    [-0.21694181859493256, -0.4504844844341278, -1.0],
    [-0.21694181859493256, -0.4504844844341278, 0.0],
    [-0.3909156918525696, -0.3117450177669525, -1.0],
    [-0.3909156918525696, -0.3117450177669525, 0.0],
    [-0.48746398091316223, -0.11126050353050232, -1.0],
    [-0.48746398091316223, -0.11126050353050232, 0.0],
    [-0.48746398091316223, 0.11126051843166351, -1.0],
    [-0.48746398091316223, 0.11126051843166351, 0.0],
    [-0.3909156918525696, 0.3117450177669525, -1.0],
    [-0.3909156918525696, 0.3117450177669525, 0.0],
    [-0.216941699385643, 0.4504845440387726, -1.0],
    [-0.216941699385643, 0.4504845440387726, 0.0]
  ],
  "edges": [
    [0, 2],
    [3, 1],
    [0, 1],
    [3, 2],
    [2, 4],
    [5, 3],
    [5, 4],
    [4, 6],
    [7, 5],
    [7, 6],
    [6, 8],
    [9, 7],
    [9, 8],
    [8, 10],
    [11, 9],
    [11, 10],
    [10, 12],
    [13, 11],
    [13, 12],
    [12, 14],
    [15, 13],
    [15, 14],
    [14, 16],
    [17, 15],
    [17, 16],
    [16, 18],
    [19, 17],
    [19, 18],
    [18, 20],
    [21, 19],
    [21, 20],
    [20, 22],
    [23, 21],
    [23, 22],
    [22, 24],
    [25, 23],
    [25, 24],
    [24, 26],
    [27, 25],
    [27, 26],
    [26, 0],
    [1, 27]
  ],
  "surfaces": [
    [0, 1, 3, 2],
    [2, 3, 5, 4],
    [4, 5, 7, 6],
    [6, 7, 9, 8],
    [8, 9, 11, 10],
    [10, 11, 13, 12],
    [12, 13, 15, 14],
    [14, 15, 17, 16],
    [16, 17, 19, 18],
    [18, 19, 21, 20],
    [20, 21, 23, 22],
    [22, 23, 25, 24],
    [3, 1, 27, 25],
    [24, 25, 27, 26],
    [26, 27, 1, 0],
    [0, 2, 4, 6]
  ],
  "normals": [
    [0.22252096235752106, 0.9749279022216797, 0.9749279022216797],
    [0.6234897375106812, 0.7818315029144287, 0.7818315029144287],
    [0.9009689092636108, 0.4338836073875427, 0.4338836073875427],
    [1.0, -0.0, -0.0],
    [0.9009688496589661, -0.4338836967945099, -0.4338836967945099],
    [0.6234897971153259, -0.7818314433097839, -0.7818314433097839],
    [0.22252100706100464, -0.9749278426170349, -0.9749278426170349],
    [-0.22252072393894196, -0.9749279022216797, -0.9749279022216797],
    [-0.6234896183013916, -0.7818316221237183, -0.7818316221237183],
    [-0.9009687900543213, -0.4338838756084442, -0.4338838756084442],
    [-1.0, -0.0, -0.0],
    [-0.9009688496589661, 0.4338839054107666, 0.4338839054107666],
    [0.0, 0.0, 0.0],
    [-0.6234895586967468, 0.7818317413330078, 0.7818317413330078],
    [-0.22252066433429718, 0.9749279022216797, 0.9749279022216797],
    [-1.9624952329877488e-08, 0.0, 0.0]
  ],
  "position": [0, 0, 0],
  "surface_color": "GREEN",
  "edge_color": "BLACK",
  "rotation": {
    "angle": 0,
    "axis": [0, 1, 0]
  },
  "initial_transform": [0.5, 0.5, 1]
}